{
  "points_mean": 157.32936604323535,
  "points_std": 962.5286949870031,
  "points_min": 1.0,
  "points_max": 19800.0,
  "n_players": 4118,
  "n_matches": 1538
}